4308184012,Pacsafe RFIDsafe V150 RFID Blocking Compact Organiser,https://www.trademe.co.nz/home-living/luggage-travel-accessories/travel-accessories/money-belts-travel-wallets/listing-4308184012.htm?rsqid=5a452405041c409e9ac2d150edd7151a-001,$119.99 ,11
4308185100,Outdoor Research Men's Foray GORE-TEX Pants,https://www.trademe.co.nz/clothing-fashion/men/jeans-trousers/listing-4308185100.htm?rsqid=5a452405041c409e9ac2d150edd7151a-001,$299.99 ,9
4308185616,CamelBak Horizon Vacuum Insulated Stainless Steel 300ml Rocks Tumbler,https://www.trademe.co.nz/sports/camping/cooking-food/pots-dishes-utensils/listing-4308185616.htm?rsqid=5a452405041c409e9ac2d150edd7151a-001,$34.99 ,15
4308191634,CamelBak Eddy+ 750ml Bottle with Tritan Renew,https://www.trademe.co.nz/sports/camping/hydration/drink-bottles-flasks/listing-4308191634.htm?rsqid=5a452405041c409e9ac2d150edd7151a-001,$34.99 ,7
4308196559,The North Face Women's Trivert Pullover Hoodie,https://www.trademe.co.nz/clothing-fashion/women/tops-shirts/listing-4308196559.htm?rsqid=5a452405041c409e9ac2d150edd7151a-001,$91.00 ,6
4308197135,Icebreaker Men's Tech Lite II SS Snowflake Tee,https://www.trademe.co.nz/clothing-fashion/men/tops-shirts/listing-4308197135.htm?rsqid=5a452405041c409e9ac2d150edd7151a-001,$69.99 ,12
4308235056,Topo50 AW28 Kaikohe,https://www.trademe.co.nz/sports/camping/other/listing-4308235056.htm?rsqid=5a452405041c409e9ac2d150edd7151a-001,$7.90 ,7
4308241969,Black Diamond Women's Live.Climb.Repeat Tank,https://www.trademe.co.nz/clothing-fashion/women/tops-shirts/listing-4308241969.htm?rsqid=5a452405041c409e9ac2d150edd7151a-001,$49.99 ,5
4308242111,Sea to Summit TPU Guide Map Case,https://www.trademe.co.nz/sports/camping/other/listing-4308242111.htm?rsqid=5a452405041c409e9ac2d150edd7151a-001,$39.99 - $59.99,11
4308243761,Outdoor Research Women's Vigor Bottoms,https://www.trademe.co.nz/clothing-fashion/women/jeans-pants-shorts/listing-4308243761.htm?rsqid=5a452405041c409e9ac2d150edd7151a-001,$89.99 ,7
4308246869,Black Diamond Women's Levitation Pants,https://www.trademe.co.nz/clothing-fashion/women/jeans-pants-shorts/listing-4308246869.htm?rsqid=5a452405041c409e9ac2d150edd7151a-001,$90.99 ,8
4308254024,Black Diamond Micro Stopper,https://www.trademe.co.nz/sports/camping/climbing-adventure/ice-climbing/listing-4308254024.htm?rsqid=5a452405041c409e9ac2d150edd7151a-001,$20.99 ,11
4308255850,360 Degrees Kid's Stratus Jacket,https://www.trademe.co.nz/clothing-fashion/boys/tops-tshirts/listing-4308255850.htm?rsqid=5a452405041c409e9ac2d150edd7151a-001,$50.00 ,10
4308257190,360 Degrees Stratus Jacket,https://www.trademe.co.nz/clothing-fashion/women/jackets/listing-4308257190.htm?rsqid=5a452405041c409e9ac2d150edd7151a-001,$60.00 ,15
4308257806,360 Degrees Nimbus Jacket,https://www.trademe.co.nz/clothing-fashion/women/jackets/listing-4308257806.htm?rsqid=5a452405041c409e9ac2d150edd7151a-001,$85.00 ,11
4308264394,Sea to Summit eVent Compression Drysack,https://www.trademe.co.nz/sports/camping/packs/dry-bags-covers/listing-4308264394.htm?rsqid=5a452405041c409e9ac2d150edd7151a-001,$39.99 - $69.99,19
4308265785,Outdoor Research Men's Blackpowder II Pants,https://www.trademe.co.nz/clothing-fashion/men/jeans-trousers/listing-4308265785.htm?rsqid=5a452405041c409e9ac2d150edd7151a-001,$220.00 ,10
4308265938,CamelBak Chute Mag Vacuum Insulated Stainless 600ml Bottle,https://www.trademe.co.nz/sports/camping/hydration/drink-bottles-flasks/listing-4308265938.htm?rsqid=5a452405041c409e9ac2d150edd7151a-001,$59.99 ,11
4308268133,Black Diamond Olympus Beanie,https://www.trademe.co.nz/clothing-fashion/men/accessories/hats-caps/listing-4308268133.htm?rsqid=5a452405041c409e9ac2d150edd7151a-001,$54.99 ,7
4308286289,Icebreaker Women's MerinoLOFT Collingwood 3/4 Hooded Jacket,https://www.trademe.co.nz/clothing-fashion/women/jackets/listing-4308286289.htm?rsqid=5a452405041c409e9ac2d150edd7151a-001,$384.99 ,11
4308287834,Outdoor Research Women's Refuge Air Hooded Jacket,https://www.trademe.co.nz/clothing-fashion/women/jackets/listing-4308287834.htm?rsqid=5a452405041c409e9ac2d150edd7151a-001,$279.99 ,12
4308303805,Sea to Summit DeltaLight Tumbler 2 Pack,https://www.trademe.co.nz/sports/camping/cooking-food/pots-dishes-utensils/listing-4308303805.htm?rsqid=5a452405041c409e9ac2d150edd7151a-001,$14.99 ,11
4308321646,Sea to Summit Camp Cutlery,https://www.trademe.co.nz/sports/camping/cooking-food/pots-dishes-utensils/listing-4308321646.htm?rsqid=5a452405041c409e9ac2d150edd7151a-001,$1.99 ,12
4308329433,CamelBak Crux Reservoir Cleaning Kit,https://www.trademe.co.nz/sports/camping/hydration/hydration-bladders/listing-4308329433.htm?rsqid=5a452405041c409e9ac2d150edd7151a-001,$49.99 ,10
4308344434,Icebreaker Men's 125 ZoneKnit SS Crewe,https://www.trademe.co.nz/clothing-fashion/men/tops-shirts/listing-4308344434.htm?rsqid=dca8b19e735145468dce18fe5996e32d-001,$149.99 ,10
4308346337,Icebreaker Women's ZoneKnit Sport Bra,https://www.trademe.co.nz/clothing-fashion/women/lingerie-sleepwear/listing-4308346337.htm?rsqid=dca8b19e735145468dce18fe5996e32d-001,$129.99 ,9
4308349948,Icebreaker Men's 125 ZoneKnit LS Crewe,https://www.trademe.co.nz/clothing-fashion/men/tops-shirts/listing-4308349948.htm?rsqid=dca8b19e735145468dce18fe5996e32d-001,$169.99 ,9
4308350235,Icebreaker Women's Shell+ Cotton Windbreaker,https://www.trademe.co.nz/clothing-fashion/women/jackets/listing-4308350235.htm?rsqid=dca8b19e735145468dce18fe5996e32d-001,$429.99 ,6
4308352387,Icebreaker Men's Shell+ Hooded Jacket,https://www.trademe.co.nz/clothing-fashion/men/jackets/listing-4308352387.htm?rsqid=dca8b19e735145468dce18fe5996e32d-001,$999.99 ,12
4308374304,SCARPA Men's Rush,https://www.trademe.co.nz/clothing-fashion/men/shoes/listing-4308374304.htm?rsqid=dca8b19e735145468dce18fe5996e32d-001,$202.99 ,8
4308377706,Ruffwear Front Range Day Pack,https://www.trademe.co.nz/pets-animals/dogs/collars-leads/listing-4308377706.htm?rsqid=dca8b19e735145468dce18fe5996e32d-001,$169.95 ,13
4308412401,Sea to Summit Wilderness Wash Pocket Soap,https://www.trademe.co.nz/home-living/luggage-travel-accessories/other/listing-4308412401.htm?rsqid=dca8b19e735145468dce18fe5996e32d-001,$6.99 ,9
4308667167,Icebreaker Kid's 200 Oasis LS Crewe 2-14 Clearance,https://www.trademe.co.nz/clothing-fashion/boys/tops-tshirts/listing-4308667167.htm?rsqid=dca8b19e735145468dce18fe5996e32d-001,$62.99 ,8
4308680968,Outdoor Research Radar Pocket Cap,https://www.trademe.co.nz/clothing-fashion/men/accessories/hats-caps/listing-4308680968.htm?rsqid=dca8b19e735145468dce18fe5996e32d-001,$44.99 ,13
4308869914,inov-8 Women's Roclite Recycled 310 Shoe,https://www.trademe.co.nz/clothing-fashion/women/shoes/listing-4308869914.htm?rsqid=dca8b19e735145468dce18fe5996e32d-001,$174.99 ,5
4309021307,Icebreaker Men's MerinoLOFT Collingwood Jacket,https://www.trademe.co.nz/clothing-fashion/men/jackets/listing-4309021307.htm?rsqid=dca8b19e735145468dce18fe5996e32d-001,$349.99 ,10
4309048260,Black Diamond Glissade Gloves,https://www.trademe.co.nz/clothing-fashion/men/accessories/gloves/listing-4309048260.htm?rsqid=dca8b19e735145468dce18fe5996e32d-001,$69.99 ,11
4309106195,SCARPA Women's Spin Ultra,https://www.trademe.co.nz/clothing-fashion/women/shoes/listing-4309106195.htm?rsqid=dca8b19e735145468dce18fe5996e32d-001,$202.99 ,4
4309119740,Icebreaker Women's Hike SS Top,https://www.trademe.co.nz/clothing-fashion/women/tops-shirts/listing-4309119740.htm?rsqid=dca8b19e735145468dce18fe5996e32d-001,$160.99 ,5
4309120562,Back Country Cuisine Chocolate Brownie Pudding,https://www.trademe.co.nz/sports/camping/cooking-food/food/listing-4309120562.htm?rsqid=dca8b19e735145468dce18fe5996e32d-001,$14.99 ,7
4309127450,Icebreaker Women's Hike LS Top,https://www.trademe.co.nz/clothing-fashion/women/tops-shirts/listing-4309127450.htm?rsqid=dca8b19e735145468dce18fe5996e32d-001,$289.99 ,2
4309128440,Cotopaxi Men's Teca Calido Hooded Reversible Jacket,https://www.trademe.co.nz/clothing-fashion/men/tops-shirts/listing-4309128440.htm?rsqid=dca8b19e735145468dce18fe5996e32d-001,$239.99 ,7
4309129331,Black Diamond Fleece Beanie,https://www.trademe.co.nz/clothing-fashion/men/accessories/hats-caps/listing-4309129331.htm?rsqid=dca8b19e735145468dce18fe5996e32d-001,$41.99 ,6
4309129722,Black Diamond Punisher Gloves,https://www.trademe.co.nz/clothing-fashion/men/accessories/gloves/listing-4309129722.htm?rsqid=dca8b19e735145468dce18fe5996e32d-001,$169.99 ,14
4309130040,Black Diamond Cuffed Beanie,https://www.trademe.co.nz/clothing-fashion/men/accessories/hats-caps/listing-4309130040.htm?rsqid=dca8b19e735145468dce18fe5996e32d-001,$49.99 ,7
4309130099,Black Diamond MidWeight Windbloc Fleece Gloves,https://www.trademe.co.nz/clothing-fashion/men/accessories/gloves/listing-4309130099.htm?rsqid=dca8b19e735145468dce18fe5996e32d-001,$69.99 ,8
4309135644,CamelBak Horizon Tumbler Lids,https://www.trademe.co.nz/sports/camping/cooking-food/pots-dishes-utensils/listing-4309135644.htm?rsqid=dca8b19e735145468dce18fe5996e32d-001,$24.99 ,11
4309139778,Black Diamond Double Waffle Beanie,https://www.trademe.co.nz/clothing-fashion/men/accessories/hats-caps/listing-4309139778.htm?rsqid=dca8b19e735145468dce18fe5996e32d-001,$69.99 ,7
